Term	Poem	Part of Speech	Definition	Number of Occurrences	Tags
Snowdrops	"Love Songs"	noun	(Galanthus nivalis) So called from their time of flowering. -Fair maids of France (Bot.) (MW)		scientific; botany
Bellona	"Der Blinde Junge"	noun	(Roman myth) The goddess of war (MW)		mythology
Irridescent	"Crab-Angel"	adjective	[see: iridescent]		light; scientific
Planet	"Der Blinde Junge"	noun	1) (Astron.) A celestial body which revolves about the sun in an orbit of a moderate degree of eccentricity. It is distinguished from a comet by the absence of a coma, and by having a less eccentric orbit. 2) A star, as influencing the fate of men. 		astronomy; circular; light
Eclipse	"Ignoramus"	noun	1) (Astronomy) An interception or obscuration of the light of the sun, moon, or other luminous body, by the intervention of some other body, either between it and the eye, or between the luminous body and that illuminated by it.  A lunar eclipse is caused by the moon passing through the earth's shadow; a solar eclipse, by the moon coming between the sun and the observer.  A satellite is eclipsed by entering the shadow of its primary.  The obscuration of a planet or star by the moon or a planet, though of the nature of an eclipse, is called an occultation.  The eclipse of a small portion of the sun by Mercury or Venus is called a transit of the planet; 2) The loss, usually temporary or partial, of light, brilliancy, luster, honor, consciousness, etc.; obscuration; gloom; darkness (MW)		light; astronomy
Phoenix	"Joyce's Ulysses"	noun	1) (Bot.) A genus of palms including date trees; spelled PHENIX // 1) (Gr. Myth.) A bird fabled to exist single, to be consumed by fire by its own act, and to rise again from its ashes.  Hence, an emblem of immortality; 2) (Astron.) A southern constellation; 3) A marvelous person or thing		mythology; light; death; life; mythology; heat; botany
Petal	"English Rose"	noun	1) (Bot.) one of the leaves of the corolla, or the colored leaves of a flower 2) One of the expanded ambulacra which form a rosette on the back of certain Echini		botany; scientific
Peri	"Lunar Baedeker"	noun	1) (n) A prefix used to signify around; 2) An imaginary being, male or female, like an elf or fairy, represented as a descendent of fallen angels and excluded from paradise until penance is accomplished (MW)		mythology; astronomy; gender
God	"Parturition"	noun	1) A being conceived of as possessing supernatural power, and to be propitiated by sacrifice, worship, etc.; a divinity; a deity; an object of worship; an idol; 2) The Supreme Being; the eternal and infinite Spirit, the Creator, and the Sovereign of the universe; Jehovah; 3) A person or thing deified and honored as the chief good; an object of supreme regard; 4) Figuratively applied to one who wields great or despotic power (MW)		spiritual
Whirligig	"Crab-Angel"	noun	1) A child's toy, spun or whirled around like a wheel upon an axis, or like a top; 2) Anything which whirls around, or in which persons or things are whirled about, as a frame with seats or wooden horses (MW)		
Wheel	"Italian Pictures: Costa Magic"	noun	1) A circular frame turning about an axis; rotating disk, whether solid, or a frame composed of an outer rim, spokes or radil, and a central hub or nave, in which is interested the axle, --used for supporting and conveying vehicles, in machinery, and for various purposes; as, the wheel of a wagor, of a locomotive, of a mill, of a watch, etc.; 2) Any instrument having the form of a wheel, specifically: -- (a) A spinning wheel (b) A instrument of torture formerly used (etc.) (MW)		circular
Sky	"Lunar Baedeker"; "'The Starry Sky' of Wyndham Lewis"; "Love Songs"; "Italian Pictures: The Costa San Giorgio"	noun	1) A cloud; 2) Hence, a shadow; 3) The apparent arch, or vault, of heaven, which in a clear day is a blue color; the heavens; the firmament; 4) The weather; the climate (MW)		astronomy
Constellation	"Love Songs"	noun	1) A cluster or group of fixed stars, or division of the heavens, designated in most cases by the name of some animal, or of some mythological personage, within whose imaginary outline, as traced upon the heavens, the group is included; 2) An assemblage of splendors or excellences; 3) Fortune; fate; destiny (MW)		astronomy
Cloud	"Crab-Angel"	noun	1) A collection of visible vapor, or watery particles, suspended in the upper atmosphere; 2) A mass or volume of smoke, or flying dust, resembling vapor; 3) A dark vein or spot on a lighter material, as in marble; hence, a blemish or defect; 4) That which has a dark, lowering, or threatening aspect; that which temporarily overshadows, obscures, or depresses; 5) A great crowd or multitude; a vast collection; 6) A large, loosely-knitted scarf, worn by women about the head (MW)		light; astronomy
Lightning	"Crab-Angel"	noun	1) A discharge or atmospheric electricity, accompanied by a vivid flash of light, commonly from one cloud to another, sometimes from a cloud to earth. The sound produced by the electricity in passing rapidly through the atmosphere constitutes thunder; 2) The act of making bright, or the state of being made bright; enlightenment; brightening, as of the mental powers (MW)		astronomy; light; heat
Nightmare	"Love Songs"	noun	1) A fiend or incubus formerly supposed to cause trouble in sleep; 2) A condition in sleep usually caused by improper pating or by digestive or nervous troubles, and characterized by a sense of extreme uneasiness or discomfort or by frightful or oppressive dreams, from which one wakes after extreme anxiety, in a troubled state of mind; incubus; 3) Hence, any overwhelming, oppressive, or stupefying influence (MW)		light
Rose	"English Rose"; "Crab-Angel"	noun	1) A flower and shrub of any species of the genus Rosa, of which there are many species, mostly found in the northern hemisphere; 2) A knot of ribbon formed like a rose; a rose knot; a rosette, esp. one worn on a shoe; 3) (Architecture) A rose window; 4) A perforated nozzle, as of a pipe, spout, etc., for delivering water in fine jets; a rosehead; also, a strainer at the foot of a pump; 5) (Medicine) The erysipelas; 6) The card of the mariner's compass; also, a circular card with radiating lines, used in other instruments; 7) The color of a rose; rose-red; pink; 8) A diamond (MW)		botany; circular
Halo	"Parturition"	noun	1) A luminous circle, usually prismatically colored, round the sun or moon, and supposed to be caused by the refraction of light through crystals of ice in the atmosphere.  Connected with halos there are often white bands, crosses, or arches, resulting from the same atmospheric conditions; 2) A circle of light; especially the bright ring represented in painting as surrounding the heads of saints and other holy persons; a glory; a nimbus; 3) An ideal glory investing, or affecting one's perception of, an object; 4) A colored circle around a nipple; an areola (MW)		spiritual
Circle	"Parturition"	noun	1) A plane figure, bounded by a single curve line called its circumference, every part of which is equally distant from a point within it, called the center; 2) The line that bounds such a figure; a circumference; a ring; 3) (Astronomy) An instrument of observation, the graduated limb of which consists of an entire circle (MW)		circular
Centre	"Parturition"	noun	1) A point equally distant from the extremities of a line, figure, or body, or from all parts of the circumference of a circle; the middle point or place; 2) The middle or central portion of anything; 3) A principal or important point of concentration; the nucleus around which they tend; an object of attention, action, or force (MW)		circular
Tapers	"Café du Néant"	noun	1) a small wax candle; a small lighted wax candle; hence, a small light; 2) A tapering form; gradual diminution of thickness in an elongated object; as the taper of a spire (MW)		light; heat
Flame	"Brancusi's Golden Bird"	noun	1) A stream of burning vapor or gas, emitting light and heat; darting or streaming fire; a blaze; a fire; 2) Burning zeal or passion; elevated and noble enthusiasm; glowing imagination; passionate excitement or anger; 3) Ardor of affection; the passion of love; 4) A person beloved; a sweetheart (MW)		light; heat; life
Starry	"'The Starry Sky' of Wyndham Lewis"; "Love Songs"	adjective	1) abounding with stars; adorned with stars; 2) Consisting of, or proceeding from, the stars; stellar; stellary; as starry light; starry flame; 3) Shining like stars; sparkling; as, starry eyes; 4) Arranged in rays like those of a star; stellate (MW)		light; heat; astronomy
Dark	"Der Blinde Junge"; "Italian Pictures: The Costa San Giorgio"	noun	1) Absence of light; darkness; obscurity; a place where there is little or no light; 2) The condition of ignorance; gloom; secrecy; 3) (Fine Arts) A dark shade or dark passage in a painting, engraving, or the like (MW)		light
Rocket	"Love Songs"	noun	1) An artificial firework consisting of a cylindrical case of paper or metal filled with a composition of combustible ingredients, as niter, charcoal, and sulphur, and fastened to a guiding stick.  The rocket is projected through the air by the force arising from the expansion of the gases liberated by combustion of the composition.  Rockets are used as projectiles for various purposes, for signals, and also for pyrotechnic display; 2) A blunt lance head used in the joust (MW)		man-made; scientific
Zodiac	"Lunar Baedeker"	noun	1) Astron. (a) An imaginary belt in the heavens, 16o or 18o broad, in the middle of which is the ecliptic, or sun's path. It comprises the twelve constellations, which once constituted, and from which were named, the twelve signs of the zodiac.;(b) A figure representing the signs, symbols, and constellations of the zodiac; 2) A girdle; a belt (MW)		astronomy
Celestial	"'The Starry Sky' of Wyndham Lewis"	adjective	1) Belonging to the aërial regions, or visible heavens; 2) Of or pertaining to the spiritual heaven; heavenly; divine (MW)		astronomy
Airy	"'The Starry Sky' of Wyndham Lewis"; "Sketch of a Man on a Platform"	adjective	1) Consisting of air; 2) Relating or belonging to air; high in air; aërial; 3) Open to a free current of air; breezy; 4) Resembling air; thin; unsubstantial; not material; 5) Relating to the spirit or soul; delicate; graceful; 6) Without reality; having no solid foundation; empty; trifling; visionary; 7) Light of heart; vivacious; sprightly; flippant; superficial; 8) Having an affected manner; affectedly grand; 9) (Painting) Having the light and aërial tints true to nature (MW)		astronomy
Lethe	"Lunar Baedeker"	noun	1) death; 2.1) (from the Greek “to forget,” “to escape”) A river of Hades whose waters when drunk caused forgetfulness of the past; 2.2) Oblivion; a draught of oblivion; forgetfulness (MW)		mythology
Black	"Der Blinde Junge"; "Ignoramus"; "Café du Néant"	adjective	1) Destitute of light, or incapable of reflecting it; of the color of soot or coal; of the darkest or a very dark color, the opposite of white; 2) In a less literal sense: Enveloped or shrouded in darkness; very dark or gloomy; 3) (Figurative) Dismal, gloomy, or forbidding, like darkness; destitute of moral light or goodness; 4) Expressing menace, or discontent; threatening; sullen; foreboding; n: 1) That which is destitute of light or whiteness; the darkest color, or rather a destitution of all color (MW)		light
Blind	"Der Blinde Junge"; "Love Songs"	adjective	1) Destitute of the sense of seeing, either by natural defect or by deprivation; without sight; 2) Not having the faculty or discernment; destitute of intellectual light; unable or unwilling to understand or judge; 3) Undiscerning; 4) Involved; intricate; not easily followed or traced; 5) Having no openings for light or passage; 6) Unintelligible; 7) (Horticulture) Abortive; failing to produce flowers or fruit (MW)		light
Space	"'The Starry Sky' of Wyndham Lewis"	noun	1) Extension, considered independently of anything which it may contain; that which makes extended objects conceivable and possible; 2) Place, having more or less extensions; room; 3) A quantity or portion of extension; distance from one thing to another; an interval between any two or more objects; as, the space between two stars or two hills; the sound was heard for the space of a mile; 4) Quantity of time; an interval between two points of time; duration; time; 5) A short time; a whilel 6) Walk; track; path; course; 7) (Print.) (a) A small piece of metal cast lower than a face type, so as not to receive the ink in printing,-- used to separate words or letters; (b) The distance or interval between words or letters in the lines, or between lines, as in books (MW)		astronomy
Winged	"Love Songs"	adjective	1) Furnished with wings; transported by flying; having winglike expansions; 2) Soaring with wings, or as if with wings; hence, elevated; lofty; sublime; 3) Swift; rapid; 4) Wounded or hurt in the wing; 5) (Bot.) Furnished with a leaflike appendage, as the fruit of the elm and the ash, or the stem in certain plants; alate; 6) (Her.) Represented with wings, or having wings, or a different tincture from the body; 7) Fanned with wings; swarming with birds (MW)		spiritual; astronomy
Round	"English Rose"; "Italian Pictures: July in Vallombrosa"	adjective	1) Having every portion of the surface or of the circumference equally distant from the center; spherical; circular; having a form approaching a spherical or circular shape; orbical; globular 2) Having the form of a cylinder 3) Having the curved outline or form; especially, one like the arc of a circle or an ellipse, or a portion of the surface of a sphere; rotund; bulging; protuberant; 4) Full; complete; not broken; not fractal; approximately in even units, tens, hundreds, thousands, etc.; 5) Not inconsiderable; large; hence, generous; free (MW)		circular
Amorphous	"English Rose"	adjective	1) Having no determinate form; of irregular shape; shapeless. 2) Without crystallization in the ultimate texture of a solid substance; uncrystallized. 3) Of no particular kind or character; anomalous 		
Dusk	"Apology of Genius"	noun	1) Imperfect obscurity; a middle degree between light and darkness; twilight; 2) A darkish color (MW)		astronomy; light
Sublime	"'The Starry Sky' of Wyndham Lewis"	adjective	1) Lifted up; high in place; exalted lofty or noble traits; eminent; --said of persons; 2) Distinguished by lofty or noble traits; eminent; --said of persons; 3) Awakening or expressing the emotion of awe, adoration, veneration, heroic resolve, etc.; dignified; grand; solemn; stately; --said of an impressive object in nature, of an action, of a discourse, or a work of art, of a spectacle, etc.; 4) Elevated by joy; elate 5) Lofty of mein; haughty; proud (MW)		spiritual
Divine	"English Rose"	adjective	1) Of or belonging to God; 2) Proceeding from God; 3) Appropriated to God, or celebrating his praise; 4) Pertaining to, or proceeding from, a deity; partaking of the nature of a god or the gods; 5) Godlike; heavenly; excellent in the highest degree; supremely admirable; apparently above what is human; 6) Presageful; foreboding; prescient (Obsolete); 7) Relating to divinity or theology (MW)		spiritual
Carnose	"Der Blinde Junge"	adjective	1) Of or pertaining to flesh; fleshy; 2) (Botany) Of a fleshy consistence;—applied to succulent leaves, stems, etc. (MW)		scientific; botany
Earth	"Crab-Angel"; "Der Blinde Junge"	noun	1) Of or pertaining to flesh; fleshy; 2) (Botany) Of a fleshy consistence;—applied to succulent leaves, stems, etc. (MW)		astronomy
Phosphorus	"Lunar Baedeker"	noun	1) Of or pertaining to phosphorus; resembling or containing phosphorus; specifically, designating those compounds in which phosphorus has a lower valence as contrasted with the phosphoric compounds; 2.1) the morning star: Phosphor; 2.2) A poisonous nonmetallic element of the nitrogen group, obtained as a white, or yellowish, translucent waxy substance, having a characteristic disagreeable smell. It is very active chemically, must be preserved in water, and unites with oxygen even at ordinary temperatures, giving a faint glow—whence its name. (MW)		astronomy; scientific
Lunar	"Lunar Baedeker"	adjective	1) Of or pertaining to the moon; 2) resembling the moon; orbed; 3) Measured by the revolutions of the moon; as, a lunar month; 4) Influenced by the moon, as in growth, character, or properties; as, lunar herbs (MW)		astronomy
Universal	"Ignoramus"	adjective	1) of or pertaining to the universe; extending to, including or affecting, the whole number, quantity, or space; unlimited; general; all-reaching; all-pervading; 2) Constituting or considered as a whole; total; entire; whole; 3) Adopted or adoptable to all or to various uses, shapes, sizes, etc.; 4) Forming the whole of a genus; relatively unlimited in extension; affirmed or or denied the whole of a subject (MW)		astronomy
Nocturnal	"Lunar Baedeker"; "'The Starry Sky' of Wyndham Lewis"	adjective	1) Of, pertaining to, done or occurring in, the night; as nocturnal darkness, cries, expeditions, etc. ; opposed to diurnal; 2) Having a habit of seeking food or moving about at night; as nocturnal birds and insects; 3) An instrument formerly used for taking the altitude of the stars, etc. at the sea (MW)		astronomy; light
Star	"Crab-Angel"; "Ignoramus"; "'The Starry Sky' of Wyndham Lewis"; "Love Songs"	noun	1) One of the innumerable luminous bodies seen in the heavens; any heavenly body other than the sun, moon, comets, and nebule 2) The polestar; the north star 3) A planet supposed to influence one's destiny; a configuration of the planets, supposed to influence fortune 4) That which resembles the figure of a star, as an ornament worn on the breast to indicate rank or honor 5) Specifically, a radiated mark in writing or printing; an asterisk; -- used as a reference to a note, or to fill a blank where something is omitted, etc. 6) A composition of combustible matter used in the heading of rockets, in mines, etc. which, exploding in the air, presents a starlike appearance 7) A person of brilliant and attractive qualities, especially on public occasions, as a distinguished orator, a leading theatrical performer, etc. (MW)		astronomy; light; heat
Cosmic	"Parturition"	adjective	1) Pertaining to the universe, and having special reference to universal law or order, or to the one grand harmonious system of things; hence, harmonious; orderly; 2) Pertaining to the solar system as a whole, and not to the earth alone; 3) Characteristic of the cosmos or universe; inconceivably great; vast; 4) (Astronomy) Rising or setting with the sun (MW)		astronomy
Bright	"Ignoramus"	adjective	1) Radiating or reflecting light; shedding or having much light; shining; luminous; not dark; 2) Transmitting light; clear; transparent; 3) Having qualities that render conspicuous or attractive, or that affect the mind as light does the eye; resplendent with charms; 4) Having a clear, quick intellect; intelligent; 5) Sparkling with wit; lively; vivacious; shedding cheerfulness and joy around; cheerful; 6) Illustrious; glorious; 7) Manifest to the mind, as light is to the eye; clear; evident; plain; 8) Of brilliant color; of lively hue or appearance (MW)		light
Luminous	"Apology of Genius"	adjective	1) Shining; emitting or reflecting light; brilliant; bright; as, the sun is a luminous body; a luminous color; 2) Illuminated; full of light; bright; as, many candles made the room luminous; 3) Enlightened; intelligent; also, clear; intelligible; as a luminous mind		light; astronomy
Lantern	"Love Songs"	noun	1) Something inclosing a light, and protecting it from wind, rain, etc;—sometimes portable, as a closed vessel or case of horn, perforated tin, glass, oiled paper, or other material, having a lamp or candle within; sometimes fixed, as the glazed inclosure of a street light, or of a lighthouse light; 2) (Architecture) a. An open structure of light material set upon a roof, to give light and air to the interior; b. A cage or open chamber of rich architecture, open below into the building or tower which it crowns; c. A smaller and secondary cupola crowning a larger one, for ornament, or to admit light; such as the lantern of the cupola of the Capitol at Washington, or that of the Florence cathedral; 3) (Mach.) A lantern pinion or trundle wheel; 4) (Steam Engine) A kind of cage inserted in a stuffing box and surrounding a piston rod, to separate the packing into two parts and form a chamber between for the reception of steam, etc;—called also lantern brass; 5) (Founding) A perforated barrel to form a core upon; 6) (Zoology) See Aristotle's lantern (MW)		man-made; light
Wreath	"English Rose"	noun	1) Something twisted, intertwined, or curled; 2) A garland; a chaplet, esp. one given to a victor; 3) (Her.) An appendage to the shield, placed above it, and supporting the crest.  It generally represents a twist of two cords of silk, one tinctured like the principal metal, the other like the principal color in the arms (MW)		circular
Centripetal	"Der Blinde Junge"	adjective	1) Tending, or causing, to approach the center; 2) (Botany) a, Expanding first at the base of the inflorescence, and proceeding in order towards the summit; b. Having the radicle turned toward the axis of the fruit, as some embryos; 3) Progressing by changes from the exterior of a thing toward its center (MW)		circular; botany
Night	"Ignoramus"; "Poe"; "Love Songs"; "Parturition"	noun	1) That part of the natural day when the sun is beneath the horizon, or the time from sunset to sunrise; esp., the time between dusk and dawn, when there is no light of the sun, but only moonlight, starlight, or artificial light; 2) Hence, darkness; obscurity; concealment (MW)		light; astronomy
Conservatory	"'The Starry Sky' of Wyndham Lewis"	noun	1) That which preserves from injury; 2) A place for preserving anything from loss, decay, waste, or injury; particularly, a greenhouse for preserving exotic or tender plants; 3) A public place of instruction, designed to preserve and perfect the knowledge of some branch of science or art, especially music (MW)		astronomy; scientific
Flight	"Crab-Angel"; "Der Blinde Junge"; "Brancusi's Golden Bird"	noun	1) The act of flying; a passing through the air by the help of wings; volitation; mode or style of flying; 2) The act of fleeing; the act of running away, to escape danger or expected evil; hasty departure; 3) Lofty elevation and excursion; a mounting; a soaring; 4) A number of beings or things passing through the air together; especially, a flock of birds flying in company; the birds that fly or migrate together; the birds produced in one season; 5) A series of steps or stairs reaching from one landing to another; 6) A kind of arrow for the longbow; also, the sport of shooting with it; 7) The husk or glume of oats (MW)		astronomy
Flicker	"Love Songs"	noun	1) The act of wavering or of fluttering; fluctuation; sudden and brief increase of brightness; 2) (Zoology) The golden-winged woodpecker;—so called from its spring note (MW)		light
Moon	"Lunar Baedeker"; "Poe"; "'The Starry Sky' of Wyndham Lewis"; "Love Songs"	noun	1) The celestial orb which revolves round the earth; the satellite of the earth; a secondary planet, whose light, borrowed from the sun, is reflected to the earth, and serves to dispel the darkness of the night; 2) A secondary planet, or satellite, revolving about any member of the solar system; 3) The time occupied by the moon in making one revolution in her orbit; a month; 4) A crescentlike outwork (MW)		astronomy
Death	"Italian Pictures: July in Vallombrosa"	noun	1) The cessation of all vital phenomena without capability of resuscitation, either in animals or plants; 2) Total privation or loss; extinction; cessation; 3) Manner of dying; act or state of passing from life; 4) Cause of loss of life; 5) Personified: The destroyer of life,—conventionally represented as a skeleton with a scythe; 6) Danger of death; 7) Murder; murderous character; 8) (Theology) Loss of spiritual life; 9) Anything so dreadful as to be like death (MW)		spiritual
World	"Magasins du Louvre"	noun	1) The earth and the surrounding heavens; the creation; the system of created things; existent creation; the universe; 2) Any planet or heavenly body, especially when considered as inhabited, and as the scene of interests analogous with human interests; as, a plurality of the worlds; 3) The earth and its inhabitants, with their concerns; the sum of human affairs and interests; 4) In a more restricted sense, that part of the earth and its concerns which is known to any one, or contemplated by any one; a division of the globe, or of its inhabitants; human affairs as seen from a certain position, or from a given point of view; also, state of existence; scene of life and action; as, the Old World; the New World; the religious world; the Catholic world; the upper world; the future world; the heathen world; 5) The customs, practices, and interests of man; general affairs of life; human society; public affairs and occupations; as, a knowledge of the world. (etc.) (MW)		astronomy
Fire	"Joyce's Ulysses"	noun	1) The evolution of light and heat in the combustion of bodies; combustion; state of ignition; 2) Fuel in a state of combustion, as on a hearth, or in a stove or furnace; 3) The burning of a house or town; a conflagration; 4) Anything which destroys or affects like fire; 5) Ardor of passion, whether love or hate; excessive warmth; consuming violence of temper; 6) Liveliness of imagination or fancy; intellectual and moral enthusiasm; capacity for ardor and zeal; 7) Splendor; brilliancy; luster; hence, a star; 8) Torture by burning; severe trial or affliction; 9) The discharge of firearms (MW)		light; heat; life
Heaven	"'The Starry Sky' of Wyndham Lewis"	noun	1) The expanse of space surrounding the earth; esp., that which seems to be over the earth like a great arch or dome; the firmament; the sky; the place where the sun, moon, and stars appear;—often used in the plural in this sense; 2) The dwelling place of the Deity; the abode of bliss; the place or state of the blessed after death; 3) The sovereign of heaven; God; also, the assembly of the blessed, collectively;—used variously in this sense, as in No. 2; 4) Any place of supreme happiness or great comfort; perfect felicity; bliss; a sublime or exalted condition (MW)		spiritual; death
Morning	"Ignoramus"	noun	1) The first or early part of the day, variously understood as the earliest hours of light, the time near sunrise; the time from midnight to noon, from rising to noon, etc. ;2) The first or early part; 3) The goddess Aurora (MW)		light; astronomy
Blossom	"English Rose"	noun	1) The flower of a plant, or the essential organs of reproduction, with their appendages; fluorescence; bloom; the flowers of a plant, collectively; 2) A stage of development; something lovely that gives rich promise; 3) The color of a horse that has white hairs intermixed with sorrel and bay hairs (MW)		botany
Breast	"English Rose"	noun	1) The fore part of the body, between the neck and the belly (MW)		gender
Sun	"English Rose"; "Der Blinde Junge"; "Ignoramus"; "'The Starry Sky' of Wyndham Lewis"; "O Hell"; "Love Songs"; "Parturition"	noun	1) The luminous orb, the light of which constitutes day, and its absence night; the central body round which the earth and planets revolve, by which they are held in their orbits, and from which they receive light and heat.  Its mean distance from the earth is about 92,500,000 miles, and its diameter about 860,000; 2) Any heavenly body which forms the center of a system of orbs; 3) The direct light or warmth from the sun; sunshine; 4) That which resembles the sun, as in splendor or importance; any source of light, warmth, or animation (MW)		light; heat; astronomy
Noon	"Love Songs"	noun	1) the middle of the day; midday the time when the sun is in the meridian; twelve o'clock in the daytime; 2) Hence the highest point; culmination (MW)		light
Virginity	"English Rose"	noun	1) The quality or state of being a virgin; undefiled purity or chastity; maidenhood; 2) The unmarried life; celibacy (MW)		gender
Warmth	"Parturition"	noun	1) The quality or state of being warm; gentle heat; 2) A state of lively and excited interest; zeal; ardor; fervor; passion; enthusiasm; earnestness; 3) (Paint.) The glowing effect which arises from the use of warm colors; hence, any similar appearance or effect in painting, or work of color (MW)		heat
Soul	"Apology of Genius"; "Der Blinde Junge"; "Ignoramus"; "Love Songs"	noun	1) The spiritual, rational, and immortal part in man; that part of man which enables him to thing, and which renders him a subject of moral government;--sometimes, in distinction from the higher nature, or spirit, of man, the so-called animal soul, that is, the seat of life, the sensitive affections and phantasy, exclusive of the voluntary and rational powers; --sometimes, in distinction from the mind, the moral and emotional part of man's nature, the seat of feeling, in distinction from intellect; -- sometimes, the intellect only; the understanding; the seat of knowledge, as distinguished from feeling; 2) The seat of real life or vitality the source of action; the animating or essential part; 3) The leader; the insiperer; the moving spirit; the heart; as, the soul of an enterprise; an able general is the soul of his army; 4) Energy; courage; spirit; fervor; affection, or any other noble manifestation of the heart or moral nature; inherent power or goodness 5) A human being; a person; -- a familiar appellation, usually with a qualifying epithet; as, poor soul; 6) A pure or disembodied spirit (MW)		spiritual
Spirit	"Joyce's Ulysses"	noun	1) The spiritual, rational, and immortal part in man; that part of man which enables him to thing, and which renders him a subject of moral government;--sometimes, in distinction from the higher nature, or spirit, of man, the so-called animal soul, that is, the seat of life, the sensitive affections and phantasy, exclusive of the voluntary and rational powers; --sometimes, in distinction from the mind, the moral and emotional part of man's nature, the seat of feeling, in distinction from intellect; -- sometimes, the intellect only; the understanding; the seat of knowledge, as distinguished from feeling; 2) The seat of real life or vitality the source of action; the animating or essential part; 3) The leader; the insiperer; the moving spirit; the heart; as, the soul of an enterprise; an able general is the soul of his army; 4) Energy; courage; spirit; fervor; affection, or any other noble manifestation of the heart or moral nature; inherent power or goodness 5) A human being; a person; -- a familiar appellation, usually with a qualifying epithet; as, poor soul; 6) A pure or disembodied spirit (MW)		spiritual
Life	"Italian Pictures: July in Vallombrosa"; "Sketch of a Man on a Platform"	noun	1) The state of being which begins with generation, birth, or germination, and ends with death; also, the time during which this state continues; that state of an animal or plant in which all or any of its organs are capable of performing all or any of their functions;—used of all animal and vegetable organisms; 2) Of human beings: The union of soul and body; also, the duration of their union; sometimes, the deathless quality or existence of the soul; 3) (Philosophy) The potential principle, or force, by which the organs of animals and plants are started and continued in the performance of their several and coöperative functions; the vital force, whether regarded as physical or spiritual; 4) Figuratively: The potential or animating principle, also, the period of duration, of anything that is conceived of as resembling a natural organism in structure or functions; 5) A certain way or manner of living with respect to conditions, circumstances, character, conduct, occupation, etc.; hence, human affairs; also, lives, considered collectively, as a distinct class or type; 6) Animation; spirit; vivacity; vigor; energy; 7) That which imparts or excites spirit or vigor; that upon which enjoyment or success depends; 8) The living or actual form, person, thing, or state; 9) A person; a living being, usually a human being; 10) The system of animal nature; animals in general, or considered collectively; 11) An essential constituent of life, esp. the blood; 12) A history of the acts and events of life; a biography; 13) Enjoyment in the right use of the powers; especially, a spiritual existence; happiness in the favor of God; heavenly felicity; 14) Something dear to one as one's existence; a darling;—used as a term of endearment (MW)		spiritual; life
Day	"Der Blinde Junge"; "Ignoramus"	noun	1) The time of light, or interval between one night and the next; the time between sunrise and sunset; hence, the light; sunshine; 2) The period of the earth's revolution on its axis,—ordinarily divided into twenty-four hours.  It is measured by the interval between two successive transits of a celestial body over the same meridian, and takes a specific name from that of the body.  Thus, if this is the sun, the day is called a solar day; if it is a star, a sidereal day; if it is the moon, a lunar day; 3) Those hours, or the daily recurring period, allotted by usage or law for work; 4) A specific time or period; time, considered with reference to the existence or prominence of a person or thing; age; time; 5 (Preceded by the) Some day in particular, as some day of contest, some anniversary, etc. (MW)		light; astronomy
Cosmos	"Parturition"	noun (plural)	1) The universe or universality of created things, so called from the order and harmony displayed in it; 2) The theory or description of the universe, as a system displaying order and harmony (MW)		astronomy
Wane	"Lunar Baedeker"	verb	1) To be diminished; to decrease;—contrasted with wax, and especially applied to the luminous part of the moon; 2) To decline; to fail; to sink (MW)		astronomy
Lightening	"Der Blinde Junge"		1) To burst forth or dart, as lightning; to display a flash or flashes of lightning; to flash 2) To grow lighter; to become less dark or lowering; to brighten; to clear, as the sky (MW)		light; heat; astronomy
Warm	"Italian Pictures: The Costa San Giorgio"	verb	1) To communicate a moderate degree of heat to; to render warm; to supply or furnish heat to; 2) To make engaged or earnest; to interest; to engage; to excite ardor or zeal in; to enliven (MW)		heat
Bury	"O Hell"	verb	1) To cover out of sight, ether by heaping something over, or by placing within something, as earth, etc; to conceal by covering, to hide; 2) Specifically: To cover out of sight, as the body of a deceased person, in a grave, a tomb, or the ocean; to deposit (a corpse) in its resting place, with funeral ceremonies; to inter; to inhume; 3) To hide in oblivion; to put away finally; to abandon (MW)		spiritual; light
Wing	"Love Songs"	verb	1) To furnish with wings; to enable to fly, or to move with celerity; 2) To supply with wings or sidepieces; 3) To transport by flight; to cause to fly; 4) To move through in flight; to fly through; 5) To cut off the wings of; to wound in the wing to disable a wing of; as, to wing a bird. (MW)		spiritual; astronomy
Wax	"Lunar Baedeker"	verb	1) To increase in size; to grow bigger; to become larger or fuller;—as opposed to wane; 2) To pass from one state to another; to become; to grow (MW)		astronomy
Whirl	"Lunar Baedeker;" "English Rose"; "Crab-Angel"	verb	1) To turn around rapidly; to cause to rotate with velocity; to make revolve; 2) To remove or carry quickly with, or as with, a revolving motion; to snatch; to hurry (MW)		circular
Infinity	"O Hell"		1) Unlimited extent of time, space, or quantity; eternity; boundlessness; immensity; 2) Unlimited capacity, energy, excellence, or knowledge; 3) Endless or indefinite number; great multitude; 4) (Math) A quantity greater than any assignable quantity of the same kind; 5) (Geometry) That part of a line, or of a plane, or of space, which is infinitely distant.  In modern geometry, parallel lines or planes are sometimes treated as lines or planes meeting at infinity		astronomy; spiritual
Infinite	"'The Starry Sky' of Wyndham Lewis"		1) Unlimited or boundless, in time or space; 2) Without limit in power, capacity, knowledge, or excellence; immeasurably or inconceivably great; perfect; 3) Indefinitely large or extensive; great; vast; immense; gigantic; prodigious; 4) (Math) Greater than any assignable quantity of the same kind; 5) (Music) Capable of endless repetition (MW)		spiritual; astronomy
Sunbonnet	"English Rose"	noun	A bonnet, generally made of some thin or light fabric, projecting beyond the face, and commonly having a cape,—worn by women as a protection against the sun (MW)		astronomy
Rainbow	"Crab-Angel"	noun	A bow or arch exhibiting, in concentric bands, the several colors of the spectrum, and formed in the part of the hemisphere opposite to the sun by the refraction and reflection of the sun's rays in drops of falling rain (MW)		light; astronomy
Glint	"Italian Pictures: The Costa San Giorgio"	noun	A glimpse, glance, or gleam (MW)		light
Perruque	"Crab-Angel"	noun	A headdress of false hair, usually covering the whole head (MW)		
Lighting 	"Café du Néant"	noun	A name sometimes applied to the process of annealing metals (MW)		light
Immortelle	"Apology of Genius"	noun	A plant with a conspicuous, dry, unwithering involucre, as the species of Antennaria, Helichrysum, Gomphrena, etc. (MW)		biology; botany
Lamp-shade	"Love Songs"	noun	A screen, as of paper, glass, or tin, for softening or obstructing the light of a lamp (MW)		light; man-made
Jehovah	"English Rose"	noun	A Scripture name of the Supreme Being, by which he was revealed to the Jews as their covenant God or Sovereign of the theocracy; the "ineffable name" of the Supreme Being, which was not pronounced by the Jews 		biblical; spiritual
Vacuum	"Parturition"	noun	A space entirely devoid of matter; hence, in a more general sense, a space, as the interior of a closed vessel (MW)		scientific; light; astronomy
Dryad	"Italian Pictures: July in Vallombrosa"	noun	A wood nymph; a nymph whose life was bound up with that of her tree (MW)		mythology; nature; gender
Aloft	"Love Songs"	preposition	Above; on top of (obsolete) (MW)		
Void	"Der Blinde Junge"	adjective; noun	adj: 1) Containing nothing; empty; vacant; not occupied; not filled; 2) Having no incumbent; unoccupied; --said of offices and the like; 3) being without destitute; free; wanting; devoid; as void of learning or of common sense; 4) Not producing any effect ineffectual; vain; 5) Containing no immaterial quality; 6) Of no legal force or effect; null; n: an empty space; a vacuum (MW)		light; spiritual
Blue	"Italian Pictures: July in Vallombrosa"	adjective; noun	ADJ: 1) Having the color of the clear sky, or a hue resembling it, whether lighter or darker; 2) Pale, without redness or glare—said of a flame; 3) Low in spirits; melancholy; 4) Suited to produce low spirits; gloomy in prospect; 5) Severe or over strict in morals; 6) (Literary—applied to women) an abbreviation of bluestocking (Colloquial); N: 1) One of the seven colors into which the rays of light divide themselves, when refracted through a glass prism; the color of the clear sky; a pigment having such a color; 2) A pedantic oman; a bluestocking; 3) Low spirits; a fit of despondency; melancholy (MW)		
Yellow	"Crab-Angel"; "Café du Néant"; "Italian Pictures: Costa Magic"	adjective; noun; verb	adj: Being of a bright saffronlike color; of the color of gold or brass; having the hue of that part of the rainbow, or of the solar spectrum, which is between the orange and the green; n: 1) A bright golden color, reflecting more light than any other except white; the color of that part of the spectrum which is between the orange and the green; 2) A yellow pigment; v: To become yellow or yellower (MW)		astronomy; light; heat
Alarum	"English Rose"	noun	ALARM // 1) A summons to arms, as on the approach of an enemy; 2) Any sound or information intended to give notice of approaching danger; a warning sound to arouse attention; a warning of danger; 2) Any sound or information intended to give notice of approaching danger; a warning sound to arouse attention; a warning of danger; 3) A sudden attack; disturbance; broil; 4) Sudden surprise with fear or terror excited by apprehension of danger; in the military use, commonly, sudden apprehension of being attacked by surprise; 5) A mechanical contrivance for awakening persons from sleep, or rousing their attention; an alarum (MW)		
Universe	"Apology of Genius"; "Love Songs"; Parturition"	noun	All created things viewed as constituting one system or whole; the whole body of things, or of phenomena; the rò nāvof the Greeks, the world; creation (MW)		astronomy
Albion	"English Rose"	noun	An ancient name of England, still retained in poetry (MW)		England; historical
Bi-Circular	"Crab-Angel"	adjective	Applied to a class of quartic curves each of which passes twice through each of the circular points at infinity, and thus resembles (analytically, and sometimes in form) a pair of circles (OED)		circular
Northern Lights	"Poe"	noun	Aurora Borealis, under AURORA// A luminous meteoric phenomenon, visible only at night, and supposed to be of electrical origin. This species of light usually appears in streams, ascending towards the zenith from a dusky line or bank, a few degrees above the northern horizon; when reaching south beyond the zenith, it forms what is called the corona, about a spot in the heavens towards which the dipping needle points. Occasionally the aurora appears as an arch of light across the heavens from east to west. Sometimes it assumes a wavy appearance, an the streams of light are then called merry dancers. They assume a variety of colors, from a pale red or yellow to a deep red or blood color (MW)		light; astronomy
Ray	"'The Starry Sky' of Wyndham Lewis"	noun	Aurora Borealis, under AURORA// A luminous meteoric phenomenon, visible only at night, and supposed to be of electrical origin. This species of light usually appears in streams, ascending towards the zenith from a dusky line or bank, a few degrees above the northern horizon; when reaching south beyond the zenith, it forms what is called the corona, about a spot in the heavens towards which the dipping needle points. Occasionally the aurora appears as an arch of light across the heavens from east to west. Sometimes it assumes a wavy appearance, an the streams of light are then called merry dancers. They assume a variety of colors, from a pale red or yellow to a deep red or blood color (MW)		light; heat; astronomy
Rigor Mortis	"Italian Pictures: July in Vallombrosa"		Death stiffening; the rigidity of the muscles that occurs at death and lasts till decomposition sets in.  It is due to the formation of myosin by the coagulation of the contents of the individual muscle fibers (MW)		death; scientific
Ambiente	"Café du Néant"	adjective	Encompassing on all sides; circumfused; investing (MW)		circular
Blinde	"Der Blinde Junge"	adjective	German term for "blind" (Google Translate)		German; light
Concentric	"Café du Néant"	adjective	Having a common center, as circles of different size, one within the other (MW)		astronomy
Iridescent	"Magasins du Louvre"	adjective	Having colors like the rainbow; exhibiting a play of changeable colors; nacreous; prismatic (MW)		light; scientific
Rosily	"English Rose"	adverb	In a rosy manner (MW)		botany; round
Eros	"Lunar Baedeker"	noun	Love; the god of love—by earlier writers represented as one of the first and creative gods, by later writers as the son of Aphrodite, equivalent to the Latin god Cupid (MW)		mythology; astronomy
White	"Love Songs"	noun; verb	n: 1) the color of pure snow; one of the natural colors of bodies, yet not strictly a color, but a composition of all the colors; the opposite of black; whiteness; 2) Something having the color of snow; something white, or nearly so; 3) Specifically, the central part of the butt in archery, which was formerly painted white; the center of a mark at which a missile is shot; 4) A person with a white skin; a member of the white, or Caucasian, races of men; 5) A white pigment v: 1) To make white; to whiten; to whitewash; to bleach (MW)		light
Woman	"Italian Pictures: The Costa San Giorgio"; "Italian Pictures: Costa Magic"	noun	n. 1) an adult female person; a grown-up female person, as distinguished from a man or a child; sometimes, any female person; 2) The female part of the human race; womankind; 3) a female attendant or servant; v. 1) To act the part of a woman in;-- with indefinite it; 2) To make effeminate or womanish; 3) To furnish with, or unite to, a woman (MW)		gender
Light	"Lunar Baedeker"; "Der Blinde Junge"; "Brancusi's Golden Bird"; "'The Starry Sky' of Wyndham Lewis"; "Love Songs"; "Café du Néant"; "Sketch of a Man on a Platform"	noun; verb; adjective	n. 1) That agent, force, or action in nature by the operation of which upon the organs of sight, objects are rendered visible or luminous; 2) That which furnishes, or is a source of light, as the sun, a star, a candle, a lighthouse, etc.; 3) The time during which the light of the sun is visible; day; especially, the dawn of day; 4) The brightness of the eye or eyes; 5) The medium through which light is admitted, as a window or window pane; 6) Life; existence; 7) Open view; public observation; 8) The power of perception by vision (etc.); adj. 1) Having little, or comparatively little, weight; not tending to the center of gravity with force; not heavy; 2) Not burdensome easy to be lifted, borne, or carried by physical strength; 3) Easy to be endured or performed; not severe; not difficult (etc.); v. 1) To dismount; to descend, as from a horse of carriage; to alight; 2) To feel light; to be made happy; 3) To descend from flight, and rest, perch, or settle, as a bird or insect; 4) To come down suddenly and forcible; to call; 5) To come by chance; to happen (MW)		light; life
Atomic	"Crab-Angel"	adjective	Of or pertaining to atoms (MW)		scientific
Spatial	"Parturition"	adjective	Of or pertaining to space (MW)		astronomy
Empyrean	"Ignoramus"	adjective	Of or relating to the highest or most exalted parts or sphere of heaven; (more generally) of or relating to the sky or firmament; frequently figurative in later use (OED)		spiritual
Infusoria	"Lunar Baedeker"	noun	One of the classes of Protozoa, including a large number of species, all of minute size (MW)		biology
Starway	"Lunar Baedeker"	noun	Perhaps a pathway made from stars (CW)		created words; astronomy
Stellectric	"Lunar Baedeker"	adjective	Portmanteau: stellar + electric (Prescott 104)		created words; astronomy
Sublimely	"Parturition"		see: sublime		spiritual
Subliminal	"Love Songs"; "Parturition"		see: sublime		spiritual
Virgin	"Italian Pictures: The Costa San Giorgio"	noun	see: Virginity		gender
Virginal	"Der Blinde Junge"; "Love Songs"	adjective	see: Virginity		gender
Haloed	"Love Songs"	adjective	Surrounded with a halo; invested with an ideal glory; glorified 		spiritual
Midnight	"Love Songs"	noun	The middle of the night; twelve o'clock at night (MW)		light; astronomy
Circularity	"English Rose"	noun	The quality or state of being circular; a circular form (MW)		circular
Flutter	"Love Songs"	verb	v, i: 1) To move or flap the wings rapidly, without flying, or with short flights; to hover; 2) To move with quick vibrations or undulations; 3) To move about briskly, irregularly, or with great bustle and show, without much result; 4) To be in agitation; to move irregularly; to fluctuate; to be in uncertainty; v, t: 1) To vibrate or move quickly; 2) To drive in disorder; to throw into confusion (MW)		
Wind	"Love Songs"	verb; noun	v. 1) to turn completely, or with repeated turns; especially, to turn about something fixed; to cause to form convolutions about anything; to coil; to twine; to twist; to wreathe; as, to wind thread on a spool or into a ball; 2) To entwist; to infold; to encircle; 3) To have complete control over; to turn; and bend at one's pleasure; to vary or alter at will; to regulate; to govern. (ect.); n. 1) Air naturally in motion with any degree of velocity; a current of air; 2) Air artificially put in motion by any force or action; as the wind of a cannon ball; the wind of a bellows 3) Breath modulated by the respiratory and vocal organs, or by an instrument; 4) Power of respiration breath; 5) Air or gas generated in the stomach or bowels; 6) Air impregnated with an odor or scent (etc.) (MW)		astronomy
Kriegsopfer	"Der Blinde Junge"	noun (plural)	War victims (Google Translate)		German; death
Rain	"Ignoramus"; "Italian Pictures: Costa Magic"	noun	Water falling in drops from the clouds; the descent of water from the clouds in drops (MW)		astronomy
Adamsite	"English Rose"	noun			
Bolshevik	"English Rose"	noun			historical
Café du Néant	"Café du Néant"	noun			
Cesira	"Italian Pictures: Costa Magic"	noun			
Chrysanthemum	"Crab-Angel"	noun			botany
Colloquist	"Joyce's Ulysses"	noun			
Cryptonym	"Love Songs"				
Crystallization	"Parturition"				
Cuirass	"Apology of Genius"	noun			
Curls	"Crab-Angel"				circular
Cyclorama	"'The Starry Sky' of Wyndham Lewis"				
Don Juan	"Joyce's Ulysses"				
Dust	"Crab-Angel"; "Ignoramus"				
Ecclesiast	"Joyce's Ulysses"				
Eremite	"Der Blinde Junge"				
Erin	"Joyce's Ulysses"				
Erudite	"Joyce's Ulysses"				
Extinct	"Der Blinde Junge"				biology; death
Eye	"Sketch of a Man on a Platform"				
Eyeless	"Der Blinde Junge"				
Glume	"Ignoramus"				
Gravid	"Joyce's Ulysses"				
Hausfrau	"English Rose"				German
Heathen	"English Rose"				
Horologe	"Der Blinde Junge"				French
Hyperaesthesia	"Brancusi's Golden Bird"				
Island	"English Rose"				
Lipton	"English Rose"				
Loquent	"Joyce's Ulysses"	adjective			
Mademoiselle Genée	"Sketch of a Man on a Platform"				
Maidenhead	"English Rose"				gender
Malefic	"Italian Pictures: Costa Magic"				
Man	"Italian Pictures: The Costa San Giorgio"; "Sketch of a Man on a Platform"				gender
Metaphysical	"English Rose"				
Monster	"Joyce's Ulysses"	noun			mythology; spiritual; death
Mouth	"English Rose"				
Myopic	"English Rose"				
Nature	"English Rose"; "Love Songs"; "Italian Pictures: July in Vallombrosa"				nature
Névrose	"English Rose"				
Nightingale	"Poe"				astronomy; biology
Occident	"Joyce's Ulysses"				
Odalisque	"Lunar Baedeker"	noun			gender
Parvenue	"Lunar Baedeker"	noun			society
Pearl	"English Rose"				round
Pearly	"Crab-Angel"				circular
Pendulence	"Crab-Angel"				
Penetralia	"English Rose"				
Phthisis	"Italian Pictures: Costa Magic"				scientific
Pot-pourri	"English Rose"				
Powder	"Café du Néant"				
Pulverous	"Apology of Genius"	adjective			
Putrefaction	"Café du Néant"				scientific
Retinal	"Der Blinde Junge"				light
Robustly	"English Rose"				
Rosa	"Joyce's Ulysses"				botany; circular
Sacerdotal	"Apology of Genius"	adjective			spiritual
Scioned	"English Rose"				
Scythe	"Apology of Genius"	noun			
Shadow	"'The Starry Sky' of Wyndham Lewis"; "Love Songs"				light
Silence	"Magasins du Louvre"				sound
Somnambulist	"Lunar Baedeker"	noun			sleep
Sparkling	"Der Blinde Junge"				
Spectral	"Der Blinde Junge"				
Sub-umbilical	"English Rose"				
Vallambrosa	"Italian Pictures: July in Vallombrosa"				
Visionless	"Der Blinde Junge"				light